add-none,10,100,2000,646766,323,0
add-none,10,1000,20000,614677,30,0
add-none,10,2500,50000,1085498,21,1064
add-none,10,10000,200000,3828244,19,-6592
add-none,10,100000,2000000,37560987,18,-24071
add-none,2,10,40,340956,8523,0
add-none,2,20,80,332744,4159,0
add-none,2,40,160,321020,2006,0
add-none,2,80,320,343723,1074,0
add-none,2,100,400,367233,918,0
add-none,2,1000,4000,354913,88,0
add-none,2,10000,40000,876628,21,-123
add-none,2,100000,400000,7068185,17,-41452
add-none,4,10,80,385952,4824,0
add-none,4,20,160,382210,2388,0
add-none,4,40,320,366102,1144,0
add-none,4,80,640,393579,614,12
add-none,4,100,800,405333,506,0
add-none,4,1000,8000,385504,48,-436
add-none,4,10000,80000,1523597,19,-6138
add-none,4,100000,800000,14242512,17,-25212
add-none,8,10,160,532921,3330,0
add-none,8,20,320,533354,1666,0
add-none,8,40,640,513790,802,0
add-none,8,80,1280,556300,434,0
add-none,8,100,1600,548784,342,0
add-none,8,1000,16000,498791,31,333
add-none,8,10000,160000,3101691,19,6596
add-none,8,100000,1600000,30273652,18,-13830
add-none,12,10,240,635418,2647,0
add-none,12,20,480,558790,1164,0
add-none,12,40,960,565043,588,0
add-none,12,80,1920,564173,293,0
add-none,12,100,2400,558577,232,0
add-none,12,1000,24000,537777,22,895
add-none,12,10000,240000,4533042,18,7160
add-none,12,100000,2400000,44622886,18,-3810
add-yield-none,2,10,40,367959,9198,3
add-yield-none,2,20,80,392569,4907,2
add-yield-none,2,40,160,404920,2530,2
add-yield-none,2,80,320,474458,1482,0
add-yield-none,2,100,400,497090,1242,23
add-yield-none,2,1000,4000,2172538,543,0
add-yield-none,2,10000,40000,18799647,469,3
add-yield-none,2,100000,400000,178989827,447,-3206
add-yield-none,4,10,80,412598,5157,4
add-yield-none,4,20,160,401362,2508,35
add-yield-none,4,40,320,423541,1323,3
add-yield-none,4,80,640,481265,751,67
add-yield-none,4,100,800,569900,712,98
add-yield-none,4,1000,8000,2187894,273,56
add-yield-none,4,10000,80000,19275749,240,37
add-yield-none,4,100000,800000,184778161,230,-2863
add-yield-none,8,10,160,534389,3339,5
add-yield-none,8,20,320,512928,1602,44
add-yield-none,8,40,640,517918,809,74
add-yield-none,8,80,1280,537879,420,184
add-yield-none,8,100,1600,645014,403,36
add-yield-none,8,1000,16000,2378970,148,87
add-yield-none,8,10000,160000,20488063,128,120
add-yield-none,8,100000,1600000,213012829,133,-25394
add-yield-none,12,10,240,638471,2660,11
add-yield-none,12,20,480,569596,1186,109
add-yield-none,12,40,960,595887,620,79
add-yield-none,12,80,1920,633731,330,223
add-yield-none,12,100,2400,688912,287,206
add-yield-none,12,1000,24000,2893227,120,220
add-yield-none,12,10000,240000,25929683,108,140
add-yield-none,12,100000,2400000,252903662,105,-10433
add-none,2,100,400,390266,975,0
add-none,2,1000,4000,378131,94,0
add-none,2,10000,40000,979173,24,-5130
add-none,2,100000,400000,7187317,17,-31590
add-yield-none,2,100,400,547807,1369,26
add-yield-none,2,1000,4000,2043089,510,20
add-yield-none,2,10000,40000,18157912,453,50
add-yield-none,2,100000,400000,170966192,427,-263
add-none,4,100,800,389387,486,0
add-none,4,1000,8000,472579,59,410
add-none,4,10000,80000,1514578,18,685
add-none,4,100000,800000,12373312,15,-62476
add-yield-none,4,100,800,569241,711,60
add-yield-none,4,1000,8000,2162292,270,66
add-yield-none,4,10000,80000,19617710,245,227
add-yield-none,4,100000,800000,190097636,237,3778
add-none,6,100,1200,445736,371,2
add-none,6,1000,12000,414388,34,-775
add-none,6,10000,120000,2340638,19,1929
add-none,6,100000,1200000,22810132,19,-15412
add-yield-none,6,100,1200,628808,524,94
add-yield-none,6,1000,12000,2297623,191,43
add-yield-none,6,10000,120000,19015903,158,-47
add-yield-none,6,100000,1200000,192326751,160,-3539
add-none,8,100,1600,550613,344,1
add-none,8,1000,16000,547909,34,2034
add-none,8,10000,160000,3155372,19,-4193
add-none,8,100000,1600000,30143898,18,-15684
add-yield-none,8,100,1600,644447,402,149
add-yield-none,8,1000,16000,2433266,152,94
add-yield-none,8,10000,160000,20491300,128,131
add-yield-none,8,100000,1600000,217901471,136,-22029
add-none,1,10,20,362250,18112,0
add-none,1,110,220,311399,1415,0
add-none,1,210,420,325992,776,0
add-none,1,310,620,297467,479,0
add-none,1,410,820,316326,385,0
add-none,1,510,1020,317545,311,0
add-none,1,610,1220,311521,255,0
add-none,1,710,1420,317406,223,0
add-none,1,810,1620,314206,193,0
add-none,1,910,1820,317715,174,0
add-none,1,1010,2020,319214,158,0
add-none,1,1110,2220,330988,149,0
add-none,1,1210,2420,323631,133,0
add-none,1,1310,2620,323512,123,0
add-none,1,1410,2820,375223,133,0
add-none,1,1510,3020,337188,111,0
add-none,1,1610,3220,330734,102,0
add-none,1,1710,3420,359955,105,0
add-none,1,1810,3620,347870,96,0
add-none,1,1910,3820,334734,87,0
add-none,1,2010,4020,323160,80,0
add-none,1,2110,4220,358740,85,0
add-none,1,2210,4420,363988,82,0
add-none,1,2310,4620,349292,75,0
add-none,1,2410,4820,367337,76,0
add-none,1,2510,5020,361724,72,0
add-none,1,2610,5220,379772,72,0
add-none,1,2710,5420,346875,63,0
add-none,1,2810,5620,343188,61,0
add-none,1,2910,5820,372128,63,0
add-none,1,3010,6020,326864,54,0
add-none,1,3110,6220,368016,59,0
add-none,1,3210,6420,373563,58,0
add-none,1,3310,6620,379352,57,0
add-none,1,3410,6820,369203,54,0
add-none,1,3510,7020,387958,55,0
add-none,1,3610,7220,367727,50,0
add-none,1,3710,7420,410863,55,0
add-none,1,3810,7620,341642,44,0
add-none,1,3910,7820,442815,56,0
add-none,1,4010,8020,363331,45,0
add-none,1,4110,8220,387432,47,0
add-none,1,4210,8420,352418,41,0
add-none,1,4310,8620,403970,46,0
add-none,1,4410,8820,395561,44,0
add-none,1,4510,9020,370422,41,0
add-none,1,4610,9220,352548,38,0
add-none,1,4710,9420,361525,38,0
add-none,1,4810,9620,449556,46,0
add-none,1,4910,9820,406608,41,0
add-none,1,5010,10020,401369,40,0
add-none,1,5110,10220,356577,34,0
add-none,1,5210,10420,405608,38,0
add-none,1,5310,10620,407603,38,0
add-none,1,5410,10820,386268,35,0
add-none,1,5510,11020,458197,41,0
add-none,1,5610,11220,398549,35,0
add-none,1,5710,11420,368853,32,0
add-none,1,5810,11620,451051,38,0
add-none,1,5910,11820,425928,36,0
add-none,1,6010,12020,379823,31,0
add-none,1,6110,12220,413029,33,0
add-none,1,6210,12420,412820,33,0
add-none,1,6310,12620,490501,38,0
add-none,1,6410,12820,436935,34,0
add-none,1,6510,13020,433522,33,0
add-none,1,6610,13220,379247,28,0
add-none,1,6710,13420,414603,30,0
add-none,1,6810,13620,463114,34,0
add-none,1,6910,13820,382353,27,0
add-none,1,7010,14020,443795,31,0
add-none,1,7110,14220,399879,28,0
add-none,1,7210,14420,414039,28,0
add-none,1,7310,14620,421970,28,0
add-none,1,7410,14820,425939,28,0
add-none,1,7510,15020,384932,25,0
add-none,1,7610,15220,432594,28,0
add-none,1,7710,15420,406717,26,0
add-none,1,7810,15620,424605,27,0
add-none,1,7910,15820,442365,27,0
add-none,1,8010,16020,451066,28,0
add-none,1,8110,16220,400634,24,0
add-none,1,8210,16420,413646,25,0
add-none,1,8310,16620,447715,26,0
add-none,1,8410,16820,419803,24,0
add-none,1,8510,17020,523286,30,0
add-none,1,8610,17220,440457,25,0
add-none,1,8710,17420,424043,24,0
add-none,1,8810,17620,434753,24,0
add-none,1,8910,17820,417077,23,0
add-none,1,9010,18020,446946,24,0
add-none,1,9110,18220,455048,24,0
add-none,1,9210,18420,447630,24,0
add-none,1,9310,18620,422117,22,0
add-none,1,9410,18820,446576,23,0
add-none,1,9510,19020,521410,27,0
add-none,1,9610,19220,477090,24,0
add-none,1,9710,19420,436043,22,0
add-none,1,9810,19620,441147,22,0
add-none,1,9910,19820,519894,26,0
add-none,1,10010,20020,441550,22,0
add-none,1,10110,20220,444844,22,0
add-none,1,10210,20420,440237,21,0
add-none,1,10310,20620,436959,21,0
add-none,1,10410,20820,449748,21,0
add-none,1,10510,21020,456962,21,0
add-none,1,10610,21220,443830,20,0
add-none,1,10710,21420,450890,21,0
add-none,1,10810,21620,453720,20,0
add-none,1,10910,21820,479695,21,0
add-none,1,11010,22020,505695,22,0
add-none,1,11110,22220,438522,19,0
add-none,1,11210,22420,452711,20,0
add-none,1,11310,22620,458581,20,0
add-none,1,11410,22820,458799,20,0
add-none,1,11510,23020,452495,19,0
add-none,1,11610,23220,450692,19,0
add-none,1,11710,23420,459082,19,0
add-none,1,11810,23620,438211,18,0
add-none,1,11910,23820,451047,18,0
add-none,1,12010,24020,492800,20,0
add-none,1,12110,24220,468740,19,0
add-none,1,12210,24420,496997,20,0
add-none,1,12310,24620,466477,18,0
add-none,1,12410,24820,485191,19,0
add-none,1,12510,25020,466604,18,0
add-none,1,12610,25220,454529,18,0
add-none,1,12710,25420,448686,17,0
add-none,1,12810,25620,451257,17,0
add-none,1,12910,25820,473421,18,0
add-none,1,13010,26020,499577,19,0
add-none,1,13110,26220,482120,18,0
add-none,1,13210,26420,511123,19,0
add-none,1,13310,26620,491241,18,0
add-none,1,13410,26820,490290,18,0
add-none,1,13510,27020,502999,18,0
add-none,1,13610,27220,528226,19,0
add-none,1,13710,27420,489813,17,0
add-none,1,13810,27620,490131,17,0
add-none,1,13910,27820,542845,19,0
add-none,1,14010,28020,490703,17,0
add-none,1,14110,28220,463070,16,0
add-none,1,14210,28420,505176,17,0
add-none,1,14310,28620,501171,17,0
add-none,1,14410,28820,495875,17,0
add-none,1,14510,29020,477145,16,0
add-none,1,14610,29220,471281,16,0
add-none,1,14710,29420,532671,18,0
add-none,1,14810,29620,502651,16,0
add-none,1,14910,29820,502637,16,0
add-none,1,15010,30020,524638,17,0
add-none,1,15110,30220,479000,15,0
add-none,1,15210,30420,477687,15,0
add-none,1,15310,30620,503889,16,0
add-none,1,15410,30820,501430,16,0
add-none,1,15510,31020,511734,16,0
add-none,1,15610,31220,509980,16,0
add-none,1,15710,31420,560584,17,0
add-none,1,15810,31620,508387,16,0
add-none,1,15910,31820,541865,17,0
add-none,1,16010,32020,491979,15,0
add-none,1,16110,32220,528710,16,0
add-none,1,16210,32420,557921,17,0
add-none,1,16310,32620,576778,17,0
add-none,1,16410,32820,524585,15,0
add-none,1,16510,33020,540414,16,0
add-none,1,16610,33220,507030,15,0
add-none,1,16710,33420,531519,15,0
add-none,1,16810,33620,520739,15,0
add-none,1,16910,33820,532497,15,0
add-none,1,17010,34020,503680,14,0
add-none,1,17110,34220,526610,15,0
add-none,1,17210,34420,541897,15,0
add-none,1,17310,34620,523624,15,0
add-none,1,17410,34820,530048,15,0
add-none,1,17510,35020,534458,15,0
add-none,1,17610,35220,538204,15,0
add-none,1,17710,35420,534009,15,0
add-none,1,17810,35620,533417,14,0
add-none,1,17910,35820,558645,15,0
add-none,1,18010,36020,546326,15,0
add-none,1,18110,36220,570429,15,0
add-none,1,18210,36420,519866,14,0
add-none,1,18310,36620,539484,14,0
add-none,1,18410,36820,576503,15,0
add-none,1,18510,37020,549737,14,0
add-none,1,18610,37220,543118,14,0
add-none,1,18710,37420,557127,14,0
add-none,1,18810,37620,601257,15,0
add-none,1,18910,37820,559286,14,0
add-none,1,19010,38020,559571,14,0
add-none,1,19110,38220,535008,13,0
add-none,1,19210,38420,559678,14,0
add-none,1,19310,38620,666205,17,0
add-none,1,19410,38820,557803,14,0
add-none,1,19510,39020,575332,14,0
add-none,1,19610,39220,608898,15,0
add-none,1,19710,39420,574526,14,0
add-none,1,19810,39620,582419,14,0
add-none,1,19910,39820,544654,13,0
add-none,1,20010,40020,562771,14,0
add-none,1,20110,40220,597231,14,0
add-none,1,20210,40420,594666,14,0
add-none,1,20310,40620,586728,14,0
add-none,1,20410,40820,574915,14,0
add-none,1,20510,41020,571127,13,0
add-none,1,20610,41220,576617,13,0
add-none,1,20710,41420,562323,13,0
add-none,1,20810,41620,591073,14,0
add-none,1,20910,41820,577689,13,0
add-none,1,21010,42020,558234,13,0
add-none,1,21110,42220,604360,14,0
add-none,1,21210,42420,598001,14,0
add-none,1,21310,42620,582314,13,0
add-none,1,21410,42820,622731,14,0
add-none,1,21510,43020,569108,13,0
add-none,1,21610,43220,646821,14,0
add-none,1,21710,43420,602849,13,0
add-none,1,21810,43620,605935,13,0
add-none,1,21910,43820,642094,14,0
add-none,1,22010,44020,589764,13,0
add-none,1,22110,44220,599495,13,0
add-none,1,22210,44420,606500,13,0
add-none,1,22310,44620,666675,14,0
add-none,1,22410,44820,596182,13,0
add-none,1,22510,45020,608713,13,0
add-none,1,22610,45220,553941,12,0
add-none,1,22710,45420,682750,15,0
add-none,1,22810,45620,609292,13,0
add-none,1,22910,45820,649458,14,0
add-none,1,23010,46020,580591,12,0
add-none,1,23110,46220,669300,14,0
add-none,1,23210,46420,594512,12,0
add-none,1,23310,46620,626982,13,0
add-none,1,23410,46820,651771,13,0
add-none,1,23510,47020,701858,14,0
add-none,1,23610,47220,680166,14,0
add-none,1,23710,47420,709860,14,0
add-none,1,23810,47620,664580,13,0
add-none,1,23910,47820,642179,13,0
add-none,1,24010,48020,727285,15,0
add-none,1,24110,48220,632578,13,0
add-none,1,24210,48420,716946,14,0
add-none,1,24310,48620,667829,13,0
add-none,1,24410,48820,701756,14,0
add-none,1,24510,49020,684902,13,0
add-none,1,24610,49220,748977,15,0
add-none,1,24710,49420,676835,13,0
add-none,1,24810,49620,634417,12,0
add-none,1,24910,49820,652205,13,0
add-none,1,25010,50020,634130,12,0
add-none,1,25110,50220,627604,12,0
add-none,1,25210,50420,640514,12,0
add-none,1,25310,50620,663846,13,0
add-none,1,25410,50820,667645,13,0
add-none,1,25510,51020,667956,13,0
add-none,1,25610,51220,636454,12,0
add-none,1,25710,51420,638457,12,0
add-none,1,25810,51620,664195,12,0
add-none,1,25910,51820,619214,11,0
add-none,1,26010,52020,664274,12,0
add-none,1,26110,52220,702091,13,0
add-none,1,26210,52420,652537,12,0
add-none,1,26310,52620,701850,13,0
add-none,1,26410,52820,616634,11,0
add-none,1,26510,53020,701906,13,0
add-none,1,26610,53220,646912,12,0
add-none,1,26710,53420,667025,12,0
add-none,1,26810,53620,694036,12,0
add-none,1,26910,53820,640360,11,0
add-none,1,27010,54020,706823,13,0
add-none,1,27110,54220,689023,12,0
add-none,1,27210,54420,682426,12,0
add-none,1,27310,54620,696709,12,0
add-none,1,27410,54820,777022,14,0
add-none,1,27510,55020,662108,12,0
add-none,1,27610,55220,690349,12,0
add-none,1,27710,55420,642336,11,0
add-none,1,27810,55620,677963,12,0
add-none,1,27910,55820,697508,12,0
add-none,1,28010,56020,669141,11,0
add-none,1,28110,56220,649411,11,0
add-none,1,28210,56420,623509,11,0
add-none,1,28310,56620,688911,12,0
add-none,1,28410,56820,723194,12,0
add-none,1,28510,57020,728325,12,0
add-none,1,28610,57220,726561,12,0
add-none,1,28710,57420,686497,11,0
add-none,1,28810,57620,710443,12,0
add-none,1,28910,57820,662563,11,0
add-none,1,29010,58020,716798,12,0
add-none,1,29110,58220,690356,11,0
add-none,1,29210,58420,699130,11,0
add-none,1,29310,58620,750151,12,0
add-none,1,29410,58820,760446,12,0
add-none,1,29510,59020,696719,11,0
add-none,1,29610,59220,754783,12,0
add-none,1,29710,59420,774709,13,0
add-none,1,29810,59620,827528,13,0
add-none,1,29910,59820,766784,12,0
add-none,1,30010,60020,701251,11,0
add-none,1,30110,60220,717675,11,0
add-none,1,30210,60420,708829,11,0
add-none,1,30310,60620,815301,13,0
add-none,1,30410,60820,741424,12,0
add-none,1,30510,61020,879678,14,0
add-none,1,30610,61220,739391,12,0
add-none,1,30710,61420,747984,12,0
add-none,1,30810,61620,755019,12,0
add-none,1,30910,61820,870976,14,0
add-none,1,31010,62020,757672,12,0
add-none,1,31110,62220,874652,14,0
add-none,1,31210,62420,729921,11,0
add-none,1,31310,62620,826105,13,0
add-none,1,31410,62820,775507,12,0
add-none,1,31510,63020,785734,12,0
add-none,1,31610,63220,709824,11,0
add-none,1,31710,63420,829020,13,0
add-none,1,31810,63620,866713,13,0
add-none,1,31910,63820,819480,12,0
add-none,1,32010,64020,781722,12,0
add-none,1,32110,64220,737841,11,0
add-none,1,32210,64420,776874,12,0
add-none,1,32310,64620,750016,11,0
add-none,1,32410,64820,757420,11,0
add-none,1,32510,65020,736839,11,0
add-none,1,32610,65220,743436,11,0
add-none,1,32710,65420,727126,11,0
add-none,1,32810,65620,765083,11,0
add-none,1,32910,65820,776654,11,0
add-none,1,33010,66020,748963,11,0
add-none,1,33110,66220,762607,11,0
add-none,1,33210,66420,871733,13,0
add-none,1,33310,66620,776884,11,0
add-none,1,33410,66820,765888,11,0
add-none,1,33510,67020,768617,11,0
add-none,1,33610,67220,766430,11,0
add-none,1,33710,67420,770414,11,0
add-none,1,33810,67620,781918,11,0
add-none,1,33910,67820,743761,10,0
add-none,1,34010,68020,758195,11,0
add-none,1,34110,68220,804587,11,0
add-none,1,34210,68420,808985,11,0
add-none,1,34310,68620,779110,11,0
add-none,1,34410,68820,735682,10,0
add-none,1,34510,69020,767429,11,0
add-none,1,34610,69220,754992,10,0
add-none,1,34710,69420,818992,11,0
add-none,1,34810,69620,766989,11,0
add-none,1,34910,69820,832972,11,0
add-none,1,35010,70020,775507,11,0
add-none,1,35110,70220,775441,11,0
add-none,1,35210,70420,888533,12,0
add-none,1,35310,70620,776504,10,0
add-none,1,35410,70820,746019,10,0
add-none,1,35510,71020,791138,11,0
add-none,1,35610,71220,801922,11,0
add-none,1,35710,71420,800140,11,0
add-none,1,35810,71620,760035,10,0
add-none,1,35910,71820,786884,10,0
add-none,1,36010,72020,802215,11,0
add-none,1,36110,72220,870919,12,0
add-none,1,36210,72420,863877,11,0
add-none,1,36310,72620,752827,10,0
add-none,1,36410,72820,780952,10,0
add-none,1,36510,73020,868083,11,0
add-none,1,36610,73220,792875,10,0
add-none,1,36710,73420,836192,11,0
add-none,1,36810,73620,859469,11,0
add-none,1,36910,73820,801215,10,0
add-none,1,37010,74020,847354,11,0
add-none,1,37110,74220,853112,11,0
add-none,1,37210,74420,853091,11,0
add-none,1,37310,74620,905595,12,0
add-none,1,37410,74820,800241,10,0
add-none,1,37510,75020,815068,10,0
add-none,1,37610,75220,800582,10,0
add-none,1,37710,75420,893715,11,0
add-none,1,37810,75620,806936,10,0
add-none,1,37910,75820,828134,10,0
add-none,1,38010,76020,802160,10,0
add-none,1,38110,76220,889813,11,0
add-none,1,38210,76420,839212,10,0
add-none,1,38310,76620,815139,10,0
add-none,1,38410,76820,814242,10,0
add-none,1,38510,77020,809351,10,0
add-none,1,38610,77220,809578,10,0
add-none,1,38710,77420,842833,10,0
add-none,1,38810,77620,807735,10,0
add-none,1,38910,77820,827853,10,0
add-none,1,39010,78020,817544,10,0
add-none,1,39110,78220,795169,10,0
add-none,1,39210,78420,827069,10,0
add-none,1,39310,78620,795337,10,0
add-none,1,39410,78820,850613,10,0
add-none,1,39510,79020,825519,10,0
add-none,1,39610,79220,805568,10,0
add-none,1,39710,79420,853933,10,0
add-none,1,39810,79620,835090,10,0
add-none,1,39910,79820,848938,10,0
add-none,1,40010,80020,830273,10,0
add-none,1,40110,80220,834752,10,0
add-none,1,40210,80420,851408,10,0
add-none,1,40310,80620,838350,10,0
add-none,1,40410,80820,816664,10,0
add-none,1,40510,81020,884570,10,0
add-none,1,40610,81220,852319,10,0
add-none,1,40710,81420,826529,10,0
add-none,1,40810,81620,887519,10,0
add-none,1,40910,81820,954086,11,0
add-none,1,41010,82020,891592,10,0
add-none,1,41110,82220,828538,10,0
add-none,1,41210,82420,881333,10,0
add-none,1,41310,82620,946683,11,0
add-none,1,41410,82820,923245,11,0
add-none,1,41510,83020,833205,10,0
add-none,1,41610,83220,845267,10,0
add-none,1,41710,83420,911728,10,0
add-none,1,41810,83620,957367,11,0
add-none,1,41910,83820,858065,10,0
add-none,1,42010,84020,818932,9,0
add-none,1,42110,84220,857011,10,0
add-none,1,42210,84420,934729,11,0
add-none,1,42310,84620,865976,10,0
add-none,1,42410,84820,813907,9,0
add-none,1,42510,85020,840605,9,0
add-none,1,42610,85220,850524,9,0
add-none,1,42710,85420,845528,9,0
add-none,1,42810,85620,867561,10,0
add-none,1,42910,85820,1012544,11,0
add-none,1,43010,86020,916818,10,0
add-none,1,43110,86220,989980,11,0
add-none,1,43210,86420,913867,10,0
add-none,1,43310,86620,948337,10,0
add-none,1,43410,86820,932297,10,0
add-none,1,43510,87020,925319,10,0
add-none,1,43610,87220,965845,11,0
add-none,1,43710,87420,880848,10,0
add-none,1,43810,87620,957185,10,0
add-none,1,43910,87820,938421,10,0
add-none,1,44010,88020,863589,9,0
add-none,1,44110,88220,934476,10,0
add-none,1,44210,88420,862603,9,0
add-none,1,44310,88620,895447,10,0
add-none,1,44410,88820,916687,10,0
add-none,1,44510,89020,927806,10,0
add-none,1,44610,89220,943456,10,0
add-none,1,44710,89420,898808,10,0
add-none,1,44810,89620,929648,10,0
add-none,1,44910,89820,934747,10,0
add-none,1,45010,90020,936925,10,0
add-none,1,45110,90220,917455,10,0
add-none,1,45210,90420,936689,10,0
add-none,1,45310,90620,959909,10,0
add-none,1,45410,90820,907171,9,0
add-none,1,45510,91020,895476,9,0
add-none,1,45610,91220,949941,10,0
add-none,1,45710,91420,922875,10,0
add-none,1,45810,91620,967857,10,0
add-none,1,45910,91820,935529,10,0
add-none,1,46010,92020,891600,9,0
add-none,1,46110,92220,961377,10,0
add-none,1,46210,92420,1014930,10,0
add-none,1,46310,92620,960533,10,0
add-none,1,46410,92820,889304,9,0
add-none,1,46510,93020,896172,9,0
add-none,1,46610,93220,1063388,11,0
add-none,1,46710,93420,1000138,10,0
add-none,1,46810,93620,994089,10,0
add-none,1,46910,93820,930457,9,0
add-none,1,47010,94020,969832,10,0
add-none,1,47110,94220,994846,10,0
add-none,1,47210,94420,1019525,10,0
add-none,1,47310,94620,1047030,11,0
add-none,1,47410,94820,990613,10,0
add-none,1,47510,95020,912692,9,0
add-none,1,47610,95220,906422,9,0
add-none,1,47710,95420,977436,10,0
add-none,1,47810,95620,1008427,10,0
add-none,1,47910,95820,907127,9,0
add-none,1,48010,96020,984888,10,0
add-none,1,48110,96220,966046,10,0
add-none,1,48210,96420,913390,9,0
add-none,1,48310,96620,1020979,10,0
add-none,1,48410,96820,990642,10,0
add-none,1,48510,97020,963615,9,0
add-none,1,48610,97220,937876,9,0
add-none,1,48710,97420,979452,10,0
add-none,1,48810,97620,1024753,10,0
add-none,1,48910,97820,897064,9,0
add-none,1,49010,98020,948822,9,0
add-none,1,49110,98220,906025,9,0
add-none,1,49210,98420,929360,9,0
add-none,1,49310,98620,986497,10,0
add-none,1,49410,98820,924819,9,0
add-none,1,49510,99020,917294,9,0
add-none,1,49610,99220,923944,9,0
add-none,1,49710,99420,918543,9,0
add-none,1,49810,99620,939457,9,0
add-none,1,49910,99820,925154,9,0
add-none,1,50010,100020,919474,9,0
add-none,1,50110,100220,922694,9,0
add-none,1,50210,100420,990505,9,0
add-none,1,50310,100620,948931,9,0
add-none,1,50410,100820,961630,9,0
add-none,1,50510,101020,970221,9,0
add-none,1,50610,101220,960598,9,0
add-none,1,50710,101420,995186,9,0
add-none,1,50810,101620,969656,9,0
add-none,1,50910,101820,952549,9,0
add-none,1,51010,102020,993531,9,0
add-none,1,51110,102220,971549,9,0
add-none,1,51210,102420,998052,9,0
add-none,1,51310,102620,1043715,10,0
add-none,1,51410,102820,1020968,9,0
add-none,1,51510,103020,1016398,9,0
add-none,1,51610,103220,1082940,10,0
add-none,1,51710,103420,990548,9,0
add-none,1,51810,103620,967628,9,0
add-none,1,51910,103820,1008973,9,0
add-none,1,52010,104020,1028473,9,0
add-none,1,52110,104220,1014689,9,0
add-none,1,52210,104420,1060385,10,0
add-none,1,52310,104620,991378,9,0
add-none,1,52410,104820,1019696,9,0
add-none,1,52510,105020,1024390,9,0
add-none,1,52610,105220,995126,9,0
add-none,1,52710,105420,994608,9,0
add-none,1,52810,105620,1022801,9,0
add-none,1,52910,105820,1113973,10,0
add-none,1,53010,106020,1074737,10,0
add-none,1,53110,106220,1023275,9,0
add-none,1,53210,106420,1021929,9,0
add-none,1,53310,106620,1003457,9,0
add-none,1,53410,106820,991604,9,0
add-none,1,53510,107020,1034352,9,0
add-none,1,53610,107220,1018958,9,0
add-none,1,53710,107420,1055518,9,0
add-none,1,53810,107620,1042300,9,0
add-none,1,53910,107820,1099024,10,0
add-none,1,54010,108020,1034763,9,0
add-none,1,54110,108220,1047596,9,0
add-none,1,54210,108420,994952,9,0
add-none,1,54310,108620,1004936,9,0
add-none,1,54410,108820,1076352,9,0
add-none,1,54510,109020,995206,9,0
add-none,1,54610,109220,1062824,9,0
add-none,1,54710,109420,1044178,9,0
add-none,1,54810,109620,1071196,9,0
add-none,1,54910,109820,1119034,10,0
add-none,1,55010,110020,1110404,10,0
add-none,1,55110,110220,1062829,9,0
add-none,1,55210,110420,1115292,10,0
add-none,1,55310,110620,1117374,10,0
add-none,1,55410,110820,1163703,10,0
add-none,1,55510,111020,1118539,10,0
add-none,1,55610,111220,1088373,9,0
add-none,1,55710,111420,1069602,9,0
add-none,1,55810,111620,1045019,9,0
add-none,1,55910,111820,1059086,9,0
add-none,1,56010,112020,1026696,9,0
add-none,1,56110,112220,1065654,9,0
add-none,1,56210,112420,1038100,9,0
add-none,1,56310,112620,1058643,9,0
add-none,1,56410,112820,1069330,9,0
add-none,1,56510,113020,1044451,9,0
add-none,1,56610,113220,1097090,9,0
add-none,1,56710,113420,1023140,9,0
add-none,1,56810,113620,1117941,9,0
add-none,1,56910,113820,1058171,9,0
add-none,1,57010,114020,1114821,9,0
add-none,1,57110,114220,1066906,9,0
add-none,1,57210,114420,1062608,9,0
add-none,1,57310,114620,1129246,9,0
add-none,1,57410,114820,1054587,9,0
add-none,1,57510,115020,1060185,9,0
add-none,1,57610,115220,1116453,9,0
add-none,1,57710,115420,1238863,10,0
add-none,1,57810,115620,1101679,9,0
add-none,1,57910,115820,1148869,9,0
add-none,1,58010,116020,1154381,9,0
add-none,1,58110,116220,1090054,9,0
add-none,1,58210,116420,1189019,10,0
add-none,1,58310,116620,1164433,9,0
add-none,1,58410,116820,1143183,9,0
add-none,1,58510,117020,1151177,9,0
add-none,1,58610,117220,1072819,9,0
add-none,1,58710,117420,1257924,10,0
add-none,1,58810,117620,1268594,10,0
add-none,1,58910,117820,1152423,9,0
add-none,1,59010,118020,1153664,9,0
add-none,1,59110,118220,1138021,9,0
add-none,1,59210,118420,1196855,10,0
add-none,1,59310,118620,1212835,10,0
add-none,1,59410,118820,1114029,9,0
add-none,1,59510,119020,1153561,9,0
add-none,1,59610,119220,1188270,9,0
add-none,1,59710,119420,1141018,9,0
add-none,1,59810,119620,1219213,10,0
add-none,1,59910,119820,1176548,9,0
add-none,1,60010,120020,1284644,10,0
add-none,1,60110,120220,1169317,9,0
add-none,1,60210,120420,1160652,9,0
add-none,1,60310,120620,1110251,9,0
add-none,1,60410,120820,1177929,9,0
add-none,1,60510,121020,1174876,9,0
add-none,1,60610,121220,1184140,9,0
add-none,1,60710,121420,1170702,9,0
add-none,1,60810,121620,1194262,9,0
add-none,1,60910,121820,1196607,9,0
add-none,1,61010,122020,1138579,9,0
add-none,1,61110,122220,1160740,9,0
add-none,1,61210,122420,1185273,9,0
add-none,1,61310,122620,1097500,8,0
add-none,1,61410,122820,1078873,8,0
add-none,1,61510,123020,1252619,10,0
add-none,1,61610,123220,1186490,9,0
add-none,1,61710,123420,1156360,9,0
add-none,1,61810,123620,1171025,9,0
add-none,1,61910,123820,1138825,9,0
add-none,1,62010,124020,1139866,9,0
add-none,1,62110,124220,1171912,9,0
add-none,1,62210,124420,1137225,9,0
add-none,1,62310,124620,1146986,9,0
add-none,1,62410,124820,1118264,8,0
add-none,1,62510,125020,1102297,8,0
add-none,1,62610,125220,1180827,9,0
add-none,1,62710,125420,1139325,9,0
add-none,1,62810,125620,1099216,8,0
add-none,1,62910,125820,1132115,8,0
add-none,1,63010,126020,1138474,9,0
add-none,1,63110,126220,1138014,9,0
add-none,1,63210,126420,1150506,9,0
add-none,1,63310,126620,1110727,8,0
add-none,1,63410,126820,1141019,8,0
add-none,1,63510,127020,1133823,8,0
add-none,1,63610,127220,1136455,8,0
add-none,1,63710,127420,1138256,8,0
add-none,1,63810,127620,1127200,8,0
add-none,1,63910,127820,1146463,8,0
add-none,1,64010,128020,1146259,8,0
add-none,1,64110,128220,1142156,8,0
add-none,1,64210,128420,1120527,8,0
add-none,1,64310,128620,1131739,8,0
add-none,1,64410,128820,1134386,8,0
add-none,1,64510,129020,1148620,8,0
add-none,1,64610,129220,1152064,8,0
add-none,1,64710,129420,1148095,8,0
add-none,1,64810,129620,1129194,8,0
add-none,1,64910,129820,1129027,8,0
add-none,1,65010,130020,1145370,8,0
add-none,1,65110,130220,1169493,8,0
add-none,1,65210,130420,1161097,8,0
add-none,1,65310,130620,1164546,8,0
add-none,1,65410,130820,1207530,9,0
add-none,1,65510,131020,1185787,9,0
add-none,1,65610,131220,1181591,9,0
add-none,1,65710,131420,1166115,8,0
add-none,1,65810,131620,1166688,8,0
add-none,1,65910,131820,1192034,9,0
add-none,1,66010,132020,1189681,9,0
add-none,1,66110,132220,1193975,9,0
add-none,1,66210,132420,1193222,9,0
add-none,1,66310,132620,1194763,9,0
add-none,1,66410,132820,1241910,9,0
add-none,1,66510,133020,1218707,9,0
add-none,1,66610,133220,1199354,9,0
add-none,1,66710,133420,1239058,9,0
add-none,1,66810,133620,1215840,9,0
add-none,1,66910,133820,1189428,8,0
add-none,1,67010,134020,1230182,9,0
add-none,1,67110,134220,1208513,9,0
add-none,1,67210,134420,1202723,8,0
add-none,1,67310,134620,1232742,9,0
add-none,1,67410,134820,1224554,9,0
add-none,1,67510,135020,1221413,9,0
add-none,1,67610,135220,1167014,8,0
add-none,1,67710,135420,1239897,9,0
add-none,1,67810,135620,1213437,8,0
add-none,1,67910,135820,1217713,8,0
add-none,1,68010,136020,1217596,8,0
add-none,1,68110,136220,1235094,9,0
add-none,1,68210,136420,1232567,9,0
add-none,1,68310,136620,1231180,9,0
add-none,1,68410,136820,1222232,8,0
add-none,1,68510,137020,1275286,9,0
add-none,1,68610,137220,1233518,8,0
add-none,1,68710,137420,1237984,9,0
add-none,1,68810,137620,1203304,8,0
add-none,1,68910,137820,1234273,8,0
add-none,1,69010,138020,1236430,8,0
add-none,1,69110,138220,1307420,9,0
add-none,1,69210,138420,1276117,9,0
add-none,1,69310,138620,1230132,8,0
add-none,1,69410,138820,1217375,8,0
add-none,1,69510,139020,1223378,8,0
add-none,1,69610,139220,1284344,9,0
add-none,1,69710,139420,1278348,9,0
add-none,1,69810,139620,1233358,8,0
add-none,1,69910,139820,1236571,8,0
add-none,1,70010,140020,1241430,8,0
add-none,1,70110,140220,1242751,8,0
add-none,1,70210,140420,1218919,8,0
add-none,1,70310,140620,1249868,8,0
add-none,1,70410,140820,1262787,8,0
add-none,1,70510,141020,1249640,8,0
add-none,1,70610,141220,1234186,8,0
add-none,1,70710,141420,1251553,8,0
add-none,1,70810,141620,1255567,8,0
add-none,1,70910,141820,1248783,8,0
add-none,1,71010,142020,1261274,8,0
add-none,1,71110,142220,1263735,8,0
add-none,1,71210,142420,1247272,8,0
add-none,1,71310,142620,1219284,8,0
add-none,1,71410,142820,1239230,8,0
add-none,1,71510,143020,1245612,8,0
add-none,1,71610,143220,1264058,8,0
add-none,1,71710,143420,1263054,8,0
add-none,1,71810,143620,1242525,8,0
add-none,1,71910,143820,1288983,8,0
add-none,1,72010,144020,1272684,8,0
add-none,1,72110,144220,1259483,8,0
add-none,1,72210,144420,1297043,8,0
add-none,1,72310,144620,1294425,8,0
add-none,1,72410,144820,1285524,8,0
add-none,1,72510,145020,1262032,8,0
add-none,1,72610,145220,1299882,8,0
add-none,1,72710,145420,1269981,8,0
add-none,1,72810,145620,1278638,8,0
add-none,1,72910,145820,1265320,8,0
add-none,1,73010,146020,1266318,8,0
add-none,1,73110,146220,1290822,8,0
add-none,1,73210,146420,1286976,8,0
add-none,1,73310,146620,1284451,8,0
add-none,1,73410,146820,1341736,9,0
add-none,1,73510,147020,1292902,8,0
add-none,1,73610,147220,1286641,8,0
add-none,1,73710,147420,1293107,8,0
add-none,1,73810,147620,1286004,8,0
add-none,1,73910,147820,1295349,8,0
add-none,1,74010,148020,1257191,8,0
add-none,1,74110,148220,1326882,8,0
add-none,1,74210,148420,1287183,8,0
add-none,1,74310,148620,1278921,8,0
add-none,1,74410,148820,1349516,9,0
add-none,1,74510,149020,1330179,8,0
add-none,1,74610,149220,1303206,8,0
add-none,1,74710,149420,1357006,9,0
add-none,1,74810,149620,1309699,8,0
add-none,1,74910,149820,1304539,8,0
add-none,1,75010,150020,1380137,9,0
add-none,1,75110,150220,1304796,8,0
add-none,1,75210,150420,1267590,8,0
add-none,1,75310,150620,1296338,8,0
add-none,1,75410,150820,1332168,8,0
add-none,1,75510,151020,1326052,8,0
add-none,1,75610,151220,1353692,8,0
add-none,1,75710,151420,1343735,8,0
add-none,1,75810,151620,1306811,8,0
add-none,1,75910,151820,1349255,8,0
add-none,1,76010,152020,1362581,8,0
add-none,1,76110,152220,1395888,9,0
add-none,1,76210,152420,1386210,9,0
add-none,1,76310,152620,1375671,9,0
add-none,1,76410,152820,1377588,9,0
add-none,1,76510,153020,1326586,8,0
add-none,1,76610,153220,1601552,10,0
add-none,1,76710,153420,1428236,9,0
add-none,1,76810,153620,1372087,8,0
add-none,1,76910,153820,1362301,8,0
add-none,1,77010,154020,1325266,8,0
add-none,1,77110,154220,1527570,9,0
add-none,1,77210,154420,1380197,8,0
add-none,1,77310,154620,1336206,8,0
add-none,1,77410,154820,1385978,8,0
add-none,1,77510,155020,1359646,8,0
add-none,1,77610,155220,1348892,8,0
add-none,1,77710,155420,1378276,8,0
add-none,1,77810,155620,1340704,8,0
add-none,1,77910,155820,1384443,8,0
add-none,1,78010,156020,1387048,8,0
add-none,1,78110,156220,1347684,8,0
add-none,1,78210,156420,1388424,8,0
add-none,1,78310,156620,1350566,8,0
add-none,1,78410,156820,1333579,8,0
add-none,1,78510,157020,1416457,9,0
add-none,1,78610,157220,1368542,8,0
add-none,1,78710,157420,1435918,9,0
add-none,1,78810,157620,1344088,8,0
add-none,1,78910,157820,1390251,8,0
add-none,1,79010,158020,1358890,8,0
add-none,1,79110,158220,1334940,8,0
add-none,1,79210,158420,1381247,8,0
add-none,1,79310,158620,1376751,8,0
add-none,1,79410,158820,1386456,8,0
add-none,1,79510,159020,1366043,8,0
add-none,1,79610,159220,1340751,8,0
add-none,1,79710,159420,1444388,9,0
add-none,1,79810,159620,1395949,8,0
add-none,1,79910,159820,1449078,9,0
add-none,1,80010,160020,1406807,8,0
add-none,1,80110,160220,1406516,8,0
add-none,1,80210,160420,1454312,9,0
add-none,1,80310,160620,1428582,8,0
add-none,1,80410,160820,1383263,8,0
add-none,1,80510,161020,1375564,8,0
add-none,1,80610,161220,1375833,8,0
add-none,1,80710,161420,1366758,8,0
add-none,1,80810,161620,1395045,8,0
add-none,1,80910,161820,1366200,8,0
add-none,1,81010,162020,1372379,8,0
add-none,1,81110,162220,1376921,8,0
add-none,1,81210,162420,1397726,8,0
add-none,1,81310,162620,1407764,8,0
add-none,1,81410,162820,1394974,8,0
add-none,1,81510,163020,1402844,8,0
add-none,1,81610,163220,1398669,8,0
add-none,1,81710,163420,1388144,8,0
add-none,1,81810,163620,1397066,8,0
add-none,1,81910,163820,1455327,8,0
add-none,1,82010,164020,1420701,8,0
add-none,1,82110,164220,1599264,9,0
add-none,1,82210,164420,1502221,9,0
add-none,1,82310,164620,1413331,8,0
add-none,1,82410,164820,1526469,9,0
add-none,1,82510,165020,1395350,8,0
add-none,1,82610,165220,1497238,9,0
add-none,1,82710,165420,1453579,8,0
add-none,1,82810,165620,1421075,8,0
add-none,1,82910,165820,1396411,8,0
add-none,1,83010,166020,1393344,8,0
add-none,1,83110,166220,1480161,8,0
add-none,1,83210,166420,1423942,8,0
add-none,1,83310,166620,1404834,8,0
add-none,1,83410,166820,1397980,8,0
add-none,1,83510,167020,1445772,8,0
add-none,1,83610,167220,1429615,8,0
add-none,1,83710,167420,1406283,8,0
add-none,1,83810,167620,1408659,8,0
add-none,1,83910,167820,1501631,8,0
add-none,1,84010,168020,1402982,8,0
add-none,1,84110,168220,1396139,8,0
add-none,1,84210,168420,1443290,8,0
add-none,1,84310,168620,1455777,8,0
add-none,1,84410,168820,1448442,8,0
add-none,1,84510,169020,1416456,8,0
add-none,1,84610,169220,1499237,8,0
add-none,1,84710,169420,1423365,8,0
add-none,1,84810,169620,1482877,8,0
add-none,1,84910,169820,1547747,9,0
add-none,1,85010,170020,1475056,8,0
add-none,1,85110,170220,1517151,8,0
add-none,1,85210,170420,1414656,8,0
add-none,1,85310,170620,1454578,8,0
add-none,1,85410,170820,1433007,8,0
add-none,1,85510,171020,1453139,8,0
add-none,1,85610,171220,1432425,8,0
add-none,1,85710,171420,1440226,8,0
add-none,1,85810,171620,1511254,8,0
add-none,1,85910,171820,1430724,8,0
add-none,1,86010,172020,1459817,8,0
add-none,1,86110,172220,1440959,8,0
add-none,1,86210,172420,1435887,8,0
add-none,1,86310,172620,1502408,8,0
add-none,1,86410,172820,1429966,8,0
add-none,1,86510,173020,1494943,8,0
add-none,1,86610,173220,1593327,9,0
add-none,1,86710,173420,1474684,8,0
add-none,1,86810,173620,1448895,8,0
add-none,1,86910,173820,1453536,8,0
add-none,1,87010,174020,1419355,8,0
add-none,1,87110,174220,1552175,8,0
add-none,1,87210,174420,1499281,8,0
add-none,1,87310,174620,1472677,8,0
add-none,1,87410,174820,1463278,8,0
add-none,1,87510,175020,1448395,8,0
add-none,1,87610,175220,1512736,8,0
add-none,1,87710,175420,1577525,8,0
add-none,1,87810,175620,1512439,8,0
add-none,1,87910,175820,1493988,8,0
add-none,1,88010,176020,1532084,8,0
add-none,1,88110,176220,1478180,8,0
add-none,1,88210,176420,1491283,8,0
add-none,1,88310,176620,1653632,9,0
add-none,1,88410,176820,1547026,8,0
add-none,1,88510,177020,1521972,8,0
add-none,1,88610,177220,1518943,8,0
add-none,1,88710,177420,1502625,8,0
add-none,1,88810,177620,1529957,8,0
add-none,1,88910,177820,1564474,8,0
add-none,1,89010,178020,1512016,8,0
add-none,1,89110,178220,1455757,8,0
add-none,1,89210,178420,1467577,8,0
add-none,1,89310,178620,1473794,8,0
add-none,1,89410,178820,1588110,8,0
add-none,1,89510,179020,1508226,8,0
add-none,1,89610,179220,1543741,8,0
add-none,1,89710,179420,1524713,8,0
add-none,1,89810,179620,1513655,8,0
add-none,1,89910,179820,1489109,8,0
add-none,1,90010,180020,1509926,8,0
add-none,1,90110,180220,1494112,8,0
add-none,1,90210,180420,1583246,8,0
add-none,1,90310,180620,1521801,8,0
add-none,1,90410,180820,1534318,8,0
add-none,1,90510,181020,1564622,8,0
add-none,1,90610,181220,1518747,8,0
add-none,1,90710,181420,1524507,8,0
add-none,1,90810,181620,1580067,8,0
add-none,1,90910,181820,1553284,8,0
add-none,1,91010,182020,1549063,8,0
add-none,1,91110,182220,1547579,8,0
add-none,1,91210,182420,1555129,8,0
add-none,1,91310,182620,1540441,8,0
add-none,1,91410,182820,1480680,8,0
add-none,1,91510,183020,1511207,8,0
add-none,1,91610,183220,1581770,8,0
add-none,1,91710,183420,1542868,8,0
add-none,1,91810,183620,1546591,8,0
add-none,1,91910,183820,1585226,8,0
add-none,1,92010,184020,1538414,8,0
add-none,1,92110,184220,1599806,8,0
add-none,1,92210,184420,1577069,8,0
add-none,1,92310,184620,1594851,8,0
add-none,1,92410,184820,1556739,8,0
add-none,1,92510,185020,1552604,8,0
add-none,1,92610,185220,1616415,8,0
add-none,1,92710,185420,1599101,8,0
add-none,1,92810,185620,1553813,8,0
add-none,1,92910,185820,1532239,8,0
add-none,1,93010,186020,1595382,8,0
add-none,1,93110,186220,1571687,8,0
add-none,1,93210,186420,1555739,8,0
add-none,1,93310,186620,1577204,8,0
add-none,1,93410,186820,1557237,8,0
add-none,1,93510,187020,1576352,8,0
add-none,1,93610,187220,1585567,8,0
add-none,1,93710,187420,1573787,8,0
add-none,1,93810,187620,1644470,8,0
add-none,1,93910,187820,1582775,8,0
add-none,1,94010,188020,1581830,8,0
add-none,1,94110,188220,1628739,8,0
add-none,1,94210,188420,1646778,8,0
add-none,1,94310,188620,1566984,8,0
add-none,1,94410,188820,1622150,8,0
add-none,1,94510,189020,1706204,9,0
add-none,1,94610,189220,1554793,8,0
add-none,1,94710,189420,1563388,8,0
add-none,1,94810,189620,1614406,8,0
add-none,1,94910,189820,1553114,8,0
add-none,1,95010,190020,1725308,9,0
add-none,1,95110,190220,1636074,8,0
add-none,1,95210,190420,1598872,8,0
add-none,1,95310,190620,1679290,8,0
add-none,1,95410,190820,1719561,9,0
add-none,1,95510,191020,1709427,8,0
add-none,1,95610,191220,1664378,8,0
add-none,1,95710,191420,1588042,8,0
add-none,1,95810,191620,1545704,8,0
add-none,1,95910,191820,1560239,8,0
add-none,1,96010,192020,1582987,8,0
add-none,1,96110,192220,1618874,8,0
add-none,1,96210,192420,1602975,8,0
add-none,1,96310,192620,1608970,8,0
add-none,1,96410,192820,1577108,8,0
add-none,1,96510,193020,1582124,8,0
add-none,1,96610,193220,1694719,8,0
add-none,1,96710,193420,1662223,8,0
add-none,1,96810,193620,1606953,8,0
add-none,1,96910,193820,1581022,8,0
add-none,1,97010,194020,1580352,8,0
add-none,1,97110,194220,1699271,8,0
add-none,1,97210,194420,1596279,8,0
add-none,1,97310,194620,1664384,8,0
add-none,1,97410,194820,1666999,8,0
add-none,1,97510,195020,1614838,8,0
add-none,1,97610,195220,1608053,8,0
add-none,1,97710,195420,1583504,8,0
add-none,1,97810,195620,1625518,8,0
add-none,1,97910,195820,1661220,8,0
add-none,1,98010,196020,1654904,8,0
add-none,1,98110,196220,1641669,8,0
add-none,1,98210,196420,1609997,8,0
add-none,1,98310,196620,1677733,8,0
add-none,1,98410,196820,1586376,8,0
add-none,1,98510,197020,1642734,8,0
add-none,1,98610,197220,1710567,8,0
add-none,1,98710,197420,1652953,8,0
add-none,1,98810,197620,1639827,8,0
add-none,1,98910,197820,1632047,8,0
add-none,1,99010,198020,1571805,7,0
add-none,1,99110,198220,1692190,8,0
add-none,1,99210,198420,1666897,8,0
add-none,1,99310,198620,1693635,8,0
add-none,1,99410,198820,1650891,8,0
add-none,1,99510,199020,1674113,8,0
add-none,1,99610,199220,1655896,8,0
add-none,1,99710,199420,1679627,8,0
add-none,1,99810,199620,1711151,8,0
add-none,1,99910,199820,1670213,8,0
add-yield-m,2,10000,40000,32224447,805,0
add-yield-s,2,1,4,343931,85982,0
add-yield-c,2,1,4,384207,96051,0
add-yield-m,4,10000,80000,65556155,819,0
add-yield-s,4,1,8,427588,53448,0
add-yield-c,4,1,8,421129,52641,0
add-yield-m,8,10000,160000,126447004,790,0
add-yield-s,8,1,16,598543,37408,0
add-yield-c,8,1,16,525446,32840,0
add-yield-m,12,10000,240000,196280200,817,0
add-yield-s,12,1,24,668999,27874,0
add-yield-c,12,1,24,611905,25496,0
add-yield-none,2,10,40,355691,8892,3
add-yield-m,2,10,40,400300,10007,0
add-yield-s,2,10,40,367915,9197,0
add-yield-c,2,10,40,351729,8793,0
add-yield-none,2,20,80,389728,4871,12
add-yield-m,2,20,80,367078,4588,0
add-yield-s,2,20,80,388022,4850,0
add-yield-c,2,20,80,408725,5109,0
add-yield-none,2,40,160,378466,2365,29
add-yield-m,2,40,160,404246,2526,0
add-yield-s,2,40,160,379419,2371,0
add-yield-c,2,40,160,384993,2406,0
add-yield-none,2,80,320,492762,1539,0
add-yield-m,2,80,320,456623,1426,0
add-yield-s,2,80,320,518958,1621,0
add-yield-c,2,80,320,482813,1508,0
add-yield-none,2,100,400,504637,1261,51
add-yield-m,2,100,400,501492,1253,0
add-yield-s,2,100,400,554919,1387,0
add-yield-c,2,100,400,561005,1402,0
add-yield-none,2,500,2000,1257306,628,-6
add-yield-m,2,500,2000,1820324,910,0
add-yield-s,2,500,2000,1818472,909,0
add-yield-c,2,500,2000,1320943,660,0
add-yield-none,2,1000,4000,2146045,536,46
add-yield-m,2,1000,4000,3510498,877,0
add-yield-s,2,1000,4000,3616602,904,0
add-yield-c,2,1000,4000,2205085,551,0
add-yield-none,4,10,80,447443,5593,10
add-yield-m,4,10,80,412018,5150,0
add-yield-s,4,10,80,388989,4862,0
add-yield-c,4,10,80,351966,4399,0
add-yield-none,4,20,160,389804,2436,18
add-yield-m,4,20,160,405388,2533,0
add-yield-s,4,20,160,435445,2721,0
add-yield-c,4,20,160,405701,2535,0
add-yield-none,4,40,320,517375,1616,63
add-yield-m,4,40,320,425641,1330,0
add-yield-s,4,40,320,456398,1426,0
add-yield-c,4,40,320,423577,1323,0
add-yield-none,4,80,640,507847,793,51
add-yield-m,4,80,640,708295,1106,0
add-yield-s,4,80,640,790776,1235,0
add-yield-c,4,80,640,497101,776,0
add-yield-none,4,100,800,547810,684,36
add-yield-m,4,100,800,936332,1170,0
add-yield-s,4,100,800,958711,1198,0
add-yield-c,4,100,800,607912,759,0
add-yield-none,4,500,4000,1276782,319,67
add-yield-m,4,500,4000,3530608,882,0
add-yield-s,4,500,4000,4386204,1096,0
add-yield-c,4,500,4000,1443791,360,0
add-yield-none,4,1000,8000,2233494,279,41
add-yield-m,4,1000,8000,6765551,845,0
add-yield-s,4,1000,8000,8817266,1102,0
add-yield-c,4,1000,8000,2414492,301,0
add-yield-none,8,10,160,561211,3507,6
add-yield-m,8,10,160,596380,3727,0
add-yield-s,8,10,160,537883,3361,0
add-yield-c,8,10,160,534312,3339,0
add-yield-none,8,20,320,554816,1733,87
add-yield-m,8,20,320,538423,1682,0
add-yield-s,8,20,320,516056,1612,0
add-yield-c,8,20,320,507148,1584,0
add-yield-none,8,40,640,563735,880,79
add-yield-m,8,40,640,828478,1294,0
add-yield-s,8,40,640,1016712,1588,0
add-yield-c,8,40,640,549272,858,0
add-yield-none,8,80,1280,571570,446,163
add-yield-m,8,80,1280,1242121,970,0
add-yield-s,8,80,1280,1604748,1253,0
add-yield-c,8,80,1280,605368,472,0
add-yield-none,8,100,1600,669619,418,173
add-yield-m,8,100,1600,1534223,958,0
add-yield-s,8,100,1600,1948791,1217,0
add-yield-c,8,100,1600,734536,459,0
add-yield-none,8,500,8000,1433071,179,70
add-yield-m,8,500,8000,6966922,870,0
add-yield-s,8,500,8000,10360809,1295,0
add-yield-c,8,500,8000,1986321,248,0
add-yield-none,8,1000,16000,2427783,151,166
add-yield-m,8,1000,16000,14705000,919,0
add-yield-s,8,1000,16000,19365975,1210,0
add-yield-c,8,1000,16000,3761127,235,0
add-yield-none,12,10,240,634382,2643,6
add-yield-m,12,10,240,683709,2848,0
add-yield-s,12,10,240,658008,2741,0
add-yield-c,12,10,240,652941,2720,0
add-yield-none,12,20,480,684149,1425,66
add-yield-m,12,20,480,668145,1391,0
add-yield-s,12,20,480,778886,1622,0
add-yield-c,12,20,480,605863,1262,0
add-yield-none,12,40,960,615306,640,95
add-yield-m,12,40,960,1026556,1069,0
add-yield-s,12,40,960,1372924,1430,0
add-yield-c,12,40,960,681664,710,0
add-yield-none,12,80,1920,644866,335,150
add-yield-m,12,80,1920,1856981,967,0
add-yield-s,12,80,1920,2888563,1504,0
add-yield-c,12,80,1920,799699,416,0
add-yield-none,12,100,2400,688788,286,189
add-yield-m,12,100,2400,2265391,943,0
add-yield-s,12,100,2400,3459588,1441,0
add-yield-c,12,100,2400,857134,357,0
add-yield-none,12,500,12000,1662066,138,-15
add-yield-m,12,500,12000,10087956,840,0
add-yield-s,12,500,12000,16973207,1414,0
add-yield-c,12,500,12000,3444230,287,0
add-yield-none,12,1000,24000,2870722,119,187
add-yield-m,12,1000,24000,20207171,841,0
add-yield-s,12,1000,24000,35609227,1483,0
add-yield-c,12,1000,24000,6512045,271,0
add-none,1,10000,20000,440928,22,0
add-m,1,10000,20000,454772,22,0
add-s,1,10000,20000,435547,21,0
add-c,1,10000,20000,793043,39,0
add-none,2,10000,40000,1019354,25,3053
add-m,2,10000,40000,503969,12,0
add-s,2,10000,40000,1474738,36,0
add-c,2,10000,40000,4446340,111,0
add-none,4,10000,80000,1521489,19,174
add-m,4,10000,80000,675282,8,0
add-s,4,10000,80000,4430362,55,0
add-c,4,10000,80000,9491611,118,0
add-none,8,10000,160000,3032816,18,-321
add-m,8,10000,160000,1396356,8,0
add-s,8,10000,160000,15154334,94,0
add-c,8,10000,160000,26081166,163,0
add-none,12,10000,240000,4523252,18,3643
add-m,12,10000,240000,1913131,7,0
add-s,12,10000,240000,34721162,144,0
add-c,12,10000,240000,43177941,179,0
